Hoboken (Departure),Chris St (Departure),9 St (Departure),14 St (Departure),23 St (Departure),33 (Arrival) St
6:10 AM,6:19 AM,6:20 AM,6:22 AM,6:23 AM,6:26 AM
6:20 AM,6:29 AM,6:30 AM,6:32 AM,6:33 AM,6:36 AM
6:30 AM,6:39 AM,6:40 AM,6:42 AM,6:43 AM,6:46 AM
6:40 AM,6:49 AM,6:50 AM,6:52 AM,6:53 AM,6:56 AM
6:50 AM,6:59 AM,7:00 AM,7:02 AM,7:03 AM,7:06 AM
7:00 AM,7:09 AM,7:10 AM,7:12 AM,7:13 AM,7:16 AM
7:10 AM,7:19 AM,7:20 AM,7:22 AM,7:23 AM,7:26 AM
7:20 AM,7:29 AM,7:30 AM,7:32 AM,7:33 AM,7:36 AM
7:29 AM,7:38 AM,7:39 AM,7:41 AM,7:42 AM,7:45 AM
7:37 AM,7:46 AM,7:47 AM,7:49 AM,7:50 AM,7:53 AM
7:45 AM,7:54 AM,7:55 AM,7:57 AM,7:58 AM,8:01 AM
7:53 AM,8:02 AM,8:03 AM,8:05 AM,8:06 AM,8:09 AM
8:01 AM,8:10 AM,8:11 AM,8:13 AM,8:14 AM,8:17 AM
8:09 AM,8:18 AM,8:19 AM,8:21 AM,8:22 AM,8:25 AM
8:17 AM,8:26 AM,8:27 AM,8:29 AM,8:30 AM,8:33 AM
8:25 AM,8:34 AM,8:35 AM,8:37 AM,8:38 AM,8:41 AM
8:33 AM,8:42 AM,8:43 AM,8:45 AM,8:46 AM,8:49 AM
8:41 AM,8:50 AM,8:51 AM,8:53 AM,8:54 AM,8:57 AM
8:49 AM,8:58 AM,8:59 AM,9:01 AM,9:02 AM,9:05 AM
8:57 AM,9:06 AM,9:07 AM,9:09 AM,9:10 AM,9:13 AM
9:05 AM,9:14 AM,9:15 AM,9:17 AM,9:18 AM,9:21 AM
9:13 AM,9:22 AM,9:23 AM,9:25 AM,9:26 AM,9:29 AM
9:22 AM,9:31 AM,9:32 AM,9:34 AM,9:35 AM,9:38 AM
9:32 AM,9:41 AM,9:42 AM,9:44 AM,9:45 AM,9:48 AM
9:42 AM,9:51 AM,9:52 AM,9:54 AM,9:55 AM,9:58 AM
9:52 AM,10:01 AM,10:02 AM,10:04 AM,10:05 AM,10:08 AM
10:02 AM,10:11 AM,10:12 AM,10:14 AM,10:15 AM,10:18 AM
10:12 AM,10:21 AM,10:22 AM,10:24 AM,10:25 AM,10:28 AM
10:22 AM,10:31 AM,10:32 AM,10:34 AM,10:35 AM,10:38 AM
10:32 AM,10:41 AM,10:42 AM,10:44 AM,10:45 AM,10:48 AM
10:43 AM,10:52 AM,10:53 AM,10:55 AM,10:56 AM,10:59 AM
10:58 AM,11:07 AM,11:08 AM,11:10 AM,11:11 AM,11:14 AM
11:13 AM,11:22 AM,11:23 AM,11:25 AM,11:26 AM,11:29 AM
11:28 AM,11:37 AM,11:38 AM,11:40 AM,11:41 AM,11:44 AM
11:43 AM,11:52 AM,11:53 AM,11:55 AM,11:56 AM,11:59 AM
11:58 AM,12:07 PM,12:08 PM,12:10 PM,12:11 PM,12:14 PM
12:13 PM,12:22 PM,12:23 PM,12:25 PM,12:26 PM,12:29 PM
12:28 PM,12:37 PM,12:38 PM,12:40 PM,12:41 PM,12:44 PM
12:43 PM,12:52 PM,12:53 PM,12:55 PM,12:56 PM,12:59 PM
12:58 PM,1:07 PM,1:08 PM,1:10 PM,1:11 PM,1:14 PM
1:13 PM,1:22 PM,1:23 PM,1:25 PM,1:26 PM,1:29 PM
1:28 PM,1:37 PM,1:38 PM,1:40 PM,1:41 PM,1:44 PM
1:43 PM,1:52 PM,1:53 PM,1:55 PM,1:56 PM,1:59 PM
1:58 PM,2:07 PM,2:08 PM,2:10 PM,2:11 PM,2:14 PM
2:13 PM,2:22 PM,2:23 PM,2:25 PM,2:26 PM,2:29 PM
2:28 PM,2:37 PM,2:38 PM,2:40 PM,2:41 PM,2:44 PM
2:42 PM,2:51 PM,2:52 PM,2:54 PM,2:55 PM,2:58 PM
2:52 PM,3:01 PM,3:02 PM,3:04 PM,3:05 PM,3:08 PM
3:02 PM,3:11 PM,3:12 PM,3:14 PM,3:15 PM,3:18 PM
3:12 PM,3:21 PM,3:22 PM,3:24 PM,3:25 PM,3:28 PM
3:22 PM,3:31 PM,3:32 PM,3:34 PM,3:35 PM,3:38 PM
3:32 PM,3:41 PM,3:42 PM,3:44 PM,3:45 PM,3:48 PM
3:42 PM,3:51 PM,3:52 PM,3:54 PM,3:55 PM,3:58 PM
3:52 PM,4:01 PM,4:02 PM,4:04 PM,4:05 PM,4:08 PM
4:02 PM,4:11 PM,4:12 PM,4:14 PM,4:15 PM,4:18 PM
4:12 PM,4:21 PM,4:22 PM,4:24 PM,4:25 PM,4:28 PM
4:22 PM,4:31 PM,4:32 PM,4:34 PM,4:35 PM,4:38 PM
4:32 PM,4:41 PM,4:42 PM,4:44 PM,4:45 PM,4:48 PM
4:42 PM,4:51 PM,4:52 PM,4:54 PM,4:55 PM,4:58 PM
4:52 PM,5:01 PM,5:02 PM,5:04 PM,5:05 PM,5:08 PM
5:00 PM,5:09 PM,5:10 PM,5:12 PM,5:13 PM,5:16 PM
5:08 PM,5:17 PM,5:18 PM,5:20 PM,5:21 PM,5:24 PM
5:16 PM,5:25 PM,5:26 PM,5:28 PM,5:29 PM,5:32 PM
5:24 PM,5:33 PM,5:34 PM,5:36 PM,5:37 PM,5:40 PM
5:32 PM,5:41 PM,5:42 PM,5:44 PM,5:45 PM,5:48 PM
5:40 PM,5:49 PM,5:50 PM,5:52 PM,5:53 PM,5:56 PM
5:48 PM,5:57 PM,5:58 PM,6:00 PM,6:01 PM,6:04 PM
5:56 PM,6:05 PM,6:06 PM,6:08 PM,6:09 PM,6:12 PM
6:04 PM,6:13 PM,6:14 PM,6:16 PM,6:17 PM,6:20 PM
6:12 PM,6:21 PM,6:22 PM,6:24 PM,6:25 PM,6:28 PM
6:20 PM,6:29 PM,6:30 PM,6:32 PM,6:33 PM,6:36 PM
6:28 PM,6:37 PM,6:38 PM,6:40 PM,6:41 PM,6:44 PM
6:36 PM,6:45 PM,6:46 PM,6:48 PM,6:49 PM,6:52 PM
6:44 PM,6:53 PM,6:54 PM,6:56 PM,6:57 PM,7:00 PM
6:52 PM,7:01 PM,7:02 PM,7:04 PM,7:05 PM,7:08 PM
7:02 PM,7:11 PM,7:12 PM,7:14 PM,7:15 PM,7:18 PM
7:12 PM,7:21 PM,7:22 PM,7:24 PM,7:25 PM,7:28 PM
7:22 PM,7:31 PM,7:32 PM,7:34 PM,7:35 PM,7:38 PM
7:32 PM,7:41 PM,7:42 PM,7:44 PM,7:45 PM,7:48 PM
7:42 PM,7:51 PM,7:52 PM,7:54 PM,7:55 PM,7:58 PM
7:52 PM,8:01 PM,8:02 PM,8:04 PM,8:05 PM,8:08 PM
8:02 PM,8:11 PM,8:12 PM,8:14 PM,8:15 PM,8:18 PM
8:12 PM,8:21 PM,8:22 PM,8:24 PM,8:25 PM,8:28 PM
8:22 PM,8:31 PM,8:32 PM,8:34 PM,8:35 PM,8:38 PM
8:32 PM,8:41 PM,8:42 PM,8:44 PM,8:45 PM,8:48 PM
8:42 PM,8:51 PM,8:52 PM,8:54 PM,8:55 PM,8:58 PM
8:57 PM,9:06 PM,9:07 PM,9:09 PM,9:10 PM,9:13 PM
9:12 PM,9:21 PM,9:22 PM,9:24 PM,9:25 PM,9:28 PM
9:27 PM,9:36 PM,9:37 PM,9:39 PM,9:40 PM,9:43 PM
9:42 PM,9:51 PM,9:52 PM,9:54 PM,9:55 PM,9:58 PM
9:57 PM,10:06 PM,10:07 PM,10:09 PM,10:10 PM,10:13 PM
10:12 PM,10:21 PM,10:22 PM,10:24 PM,10:25 PM,10:28 PM
10:27 PM,10:36 PM,10:37 PM,10:39 PM,10:40 PM,10:43 PM
10:45 PM,10:54 PM,10:55 PM,10:57 PM,10:58 PM,11:01 PM
